Category,Subcategory,Link
Course,Breakfast,https://panlasangpinoy.com/categories/recipes/breakfast-recipes/
Course,Lunch,https://panlasangpinoy.com/categories/recipes/lunch-recipes/
Course,Appetizers,https://panlasangpinoy.com/categories/recipes/appetizer-recipes/
Course,Dessert,https://panlasangpinoy.com/categories/recipes/dessert-and-pastry-recipes/
Course,Dinner,https://panlasangpinoy.com/categories/recipes/easy-dinner-recipes/
Ingredient,Chicken,https://panlasangpinoy.com/categories/recipes/chicken-recipes/
Ingredient,Pork,https://panlasangpinoy.com/categories/recipes/pork-recipes/
Ingredient,Beef,https://panlasangpinoy.com/categories/recipes/beef-recipes/
Ingredient,Turkey,https://panlasangpinoy.com/categories/recipes/turkey-recipes-2/
Ingredient,Vegetable,https://panlasangpinoy.com/categories/recipes/vegetable-recipes/
Ingredient,Fish,https://panlasangpinoy.com/categories/recipes/fish-recipes-recipes/
Ingredient,Rice,https://panlasangpinoy.com/categories/recipes/rice-recipes/
Ingredient,Egg,https://panlasangpinoy.com/categories/recipes/eggs/
Ingredient,Tofu,https://panlasangpinoy.com/categories/recipes/tofu-recipes-recipes/
Ingredient,Noodles,https://panlasangpinoy.com/categories/recipes/noodle-recipes/
Type,Adobo,https://panlasangpinoy.com/categories/recipes/adobo-recipes/
Type,Bread,https://panlasangpinoy.com/categories/recipes/bread-recipes/
Type,Fried Chicken,https://panlasangpinoy.com/categories/recipes/fried-chicken-recipes-recipes/
Type,Sinigang,https://panlasangpinoy.com/categories/recipes/sinigang-recipes/
Type,Kilawin,https://panlasangpinoy.com/categories/recipes/kilawin-recipes/
Type,Ginataan,https://panlasangpinoy.com/categories/recipes/ginataan-recipes/
Type,Kaldereta,https://panlasangpinoy.com/categories/recipes/kaldereta-caldereta-recipes/
