Category,Subcategory,Recipe,Recipe Link
Ingredient,Beef,Tortang Giniling Recipe,https://panlasangpinoy.com/tortang-giniling-omelet-recipe/
Ingredient,Beef,Shared Recipe: Tortang Talong with Giniling,https://panlasangpinoy.com/shared-recipe-tortang-talong-with-giniling/
Ingredient,Beef,Roast Beef,https://panlasangpinoy.com/special-holiday-food-dish-roast-beef-recipe/
Ingredient,Beef,Meatloaf Recipe,https://panlasangpinoy.com/food-meat-holiday-dish-meatloaf-recipe/
Ingredient,Beef,Morcon Recipe,https://panlasangpinoy.com/beef-holiday-christmas-new-year-food-menu-morcon-recipe/
Ingredient,Beef,Beef Mami Recipe,https://panlasangpinoy.com/asian-filipino-soup-beef-mami-recipe/
Ingredient,Beef,Liver Steak Recipe,https://panlasangpinoy.com/lutong-bahay-atay-liver-steak-recipe/
Ingredient,Beef,Beef Nilaga Recipe,https://panlasangpinoy.com/beef-nilaga/
Ingredient,Beef,Homemade Beef Tapa,https://panlasangpinoy.com/how-to-make-home-made-beef-tapa/
Ingredient,Beef,Beef Pochero Recipe,https://panlasangpinoy.com/beef-pochero/
Ingredient,Beef,Lengua Estofada Recipe,https://panlasangpinoy.com/lengua-estofada/
